--
-- PostgreSQL database dump
--

-- Dumped from database version 15.3
-- Dumped by pg_dump version 15.3

SET statement_timeout = 0;
SET lock_timeout = 0;
SET idle_in_transaction_session_timeout = 0;
SET client_encoding = 'UTF8';
SET standard_conforming_strings = on;
SELECT pg_catalog.set_config('search_path', '', false);
SET check_function_bodies = false;
SET xmloption = content;
SET client_min_messages = warning;
SET row_security = off;

SET default_tablespace = '';

SET default_table_access_method = heap;

--
-- Name: auth_group; Type: TABLE; Schema: public; Owner: admin
--

CREATE TABLE public.auth_group (
    id integer NOT NULL,
    name character varying(150) NOT NULL
);


ALTER TABLE public.auth_group OWNER TO admin;

--
-- Name: auth_group_id_seq; Type: SEQUENCE; Schema: public; Owner: admin
--

ALTER TABLE public.auth_group ALTER COLUMN id ADD GENERATED BY DEFAULT AS IDENTITY (
    SEQUENCE NAME public.auth_group_id_seq
    START WITH 1
    INCREMENT BY 1
    NO MINVALUE
    NO MAXVALUE
    CACHE 1
);


--
-- Name: auth_group_permissions; Type: TABLE; Schema: public; Owner: admin
--

CREATE TABLE public.auth_group_permissions (
    id bigint NOT NULL,
    group_id integer NOT NULL,
    permission_id integer NOT NULL
);


ALTER TABLE public.auth_group_permissions OWNER TO admin;

--
-- Name: auth_group_permissions_id_seq; Type: SEQUENCE; Schema: public; Owner: admin
--

ALTER TABLE public.auth_group_permissions ALTER COLUMN id ADD GENERATED BY DEFAULT AS IDENTITY (
    SEQUENCE NAME public.auth_group_permissions_id_seq
    START WITH 1
    INCREMENT BY 1
    NO MINVALUE
    NO MAXVALUE
    CACHE 1
);


--
-- Name: auth_permission; Type: TABLE; Schema: public; Owner: admin
--

CREATE TABLE public.auth_permission (
    id integer NOT NULL,
    name character varying(255) NOT NULL,
    content_type_id integer NOT NULL,
    codename character varying(100) NOT NULL
);


ALTER TABLE public.auth_permission OWNER TO admin;

--
-- Name: auth_permission_id_seq; Type: SEQUENCE; Schema: public; Owner: admin
--

ALTER TABLE public.auth_permission ALTER COLUMN id ADD GENERATED BY DEFAULT AS IDENTITY (
    SEQUENCE NAME public.auth_permission_id_seq
    START WITH 1
    INCREMENT BY 1
    NO MINVALUE
    NO MAXVALUE
    CACHE 1
);


--
-- Name: auth_user; Type: TABLE; Schema: public; Owner: admin
--

CREATE TABLE public.auth_user (
    id integer NOT NULL,
    password character varying(128) NOT NULL,
    last_login timestamp with time zone,
    is_superuser boolean NOT NULL,
    username character varying(150) NOT NULL,
    first_name character varying(150) NOT NULL,
    last_name character varying(150) NOT NULL,
    email character varying(254) NOT NULL,
    is_staff boolean NOT NULL,
    is_active boolean NOT NULL,
    date_joined timestamp with time zone NOT NULL
);


ALTER TABLE public.auth_user OWNER TO admin;

--
-- Name: auth_user_groups; Type: TABLE; Schema: public; Owner: admin
--

CREATE TABLE public.auth_user_groups (
    id bigint NOT NULL,
    user_id integer NOT NULL,
    group_id integer NOT NULL
);


ALTER TABLE public.auth_user_groups OWNER TO admin;

--
-- Name: auth_user_groups_id_seq; Type: SEQUENCE; Schema: public; Owner: admin
--

ALTER TABLE public.auth_user_groups ALTER COLUMN id ADD GENERATED BY DEFAULT AS IDENTITY (
    SEQUENCE NAME public.auth_user_groups_id_seq
    START WITH 1
    INCREMENT BY 1
    NO MINVALUE
    NO MAXVALUE
    CACHE 1
);


--
-- Name: auth_user_id_seq; Type: SEQUENCE; Schema: public; Owner: admin
--

ALTER TABLE public.auth_user ALTER COLUMN id ADD GENERATED BY DEFAULT AS IDENTITY (
    SEQUENCE NAME public.auth_user_id_seq
    START WITH 1
    INCREMENT BY 1
    NO MINVALUE
    NO MAXVALUE
    CACHE 1
);


--
-- Name: auth_user_user_permissions; Type: TABLE; Schema: public; Owner: admin
--

CREATE TABLE public.auth_user_user_permissions (
    id bigint NOT NULL,
    user_id integer NOT NULL,
    permission_id integer NOT NULL
);


ALTER TABLE public.auth_user_user_permissions OWNER TO admin;

--
-- Name: auth_user_user_permissions_id_seq; Type: SEQUENCE; Schema: public; Owner: admin
--

ALTER TABLE public.auth_user_user_permissions ALTER COLUMN id ADD GENERATED BY DEFAULT AS IDENTITY (
    SEQUENCE NAME public.auth_user_user_permissions_id_seq
    START WITH 1
    INCREMENT BY 1
    NO MINVALUE
    NO MAXVALUE
    CACHE 1
);


--
-- Name: django_admin_log; Type: TABLE; Schema: public; Owner: admin
--

CREATE TABLE public.django_admin_log (
    id integer NOT NULL,
    action_time timestamp with time zone NOT NULL,
    object_id text,
    object_repr character varying(200) NOT NULL,
    action_flag smallint NOT NULL,
    change_message text NOT NULL,
    content_type_id integer,
    user_id integer NOT NULL,
    CONSTRAINT django_admin_log_action_flag_check CHECK ((action_flag >= 0))
);


ALTER TABLE public.django_admin_log OWNER TO admin;

--
-- Name: django_admin_log_id_seq; Type: SEQUENCE; Schema: public; Owner: admin
--

ALTER TABLE public.django_admin_log ALTER COLUMN id ADD GENERATED BY DEFAULT AS IDENTITY (
    SEQUENCE NAME public.django_admin_log_id_seq
    START WITH 1
    INCREMENT BY 1
    NO MINVALUE
    NO MAXVALUE
    CACHE 1
);


--
-- Name: django_content_type; Type: TABLE; Schema: public; Owner: admin
--

CREATE TABLE public.django_content_type (
    id integer NOT NULL,
    app_label character varying(100) NOT NULL,
    model character varying(100) NOT NULL
);


ALTER TABLE public.django_content_type OWNER TO admin;

--
-- Name: django_content_type_id_seq; Type: SEQUENCE; Schema: public; Owner: admin
--

ALTER TABLE public.django_content_type ALTER COLUMN id ADD GENERATED BY DEFAULT AS IDENTITY (
    SEQUENCE NAME public.django_content_type_id_seq
    START WITH 1
    INCREMENT BY 1
    NO MINVALUE
    NO MAXVALUE
    CACHE 1
);


--
-- Name: django_migrations; Type: TABLE; Schema: public; Owner: admin
--

CREATE TABLE public.django_migrations (
    id bigint NOT NULL,
    app character varying(255) NOT NULL,
    name character varying(255) NOT NULL,
    applied timestamp with time zone NOT NULL
);


ALTER TABLE public.django_migrations OWNER TO admin;

--
-- Name: django_migrations_id_seq; Type: SEQUENCE; Schema: public; Owner: admin
--

ALTER TABLE public.django_migrations ALTER COLUMN id ADD GENERATED BY DEFAULT AS IDENTITY (
    SEQUENCE NAME public.django_migrations_id_seq
    START WITH 1
    INCREMENT BY 1
    NO MINVALUE
    NO MAXVALUE
    CACHE 1
);


--
-- Name: django_session; Type: TABLE; Schema: public; Owner: admin
--

CREATE TABLE public.django_session (
    session_key character varying(40) NOT NULL,
    session_data text NOT NULL,
    expire_date timestamp with time zone NOT NULL
);


ALTER TABLE public.django_session OWNER TO admin;

--
-- Name: posts_group; Type: TABLE; Schema: public; Owner: admin
--

CREATE TABLE public.posts_group (
    id bigint NOT NULL,
    title character varying(20) NOT NULL,
    slug character varying(50) NOT NULL,
    description text NOT NULL
);


ALTER TABLE public.posts_group OWNER TO admin;

--
-- Name: posts_group_id_seq; Type: SEQUENCE; Schema: public; Owner: admin
--

ALTER TABLE public.posts_group ALTER COLUMN id ADD GENERATED BY DEFAULT AS IDENTITY (
    SEQUENCE NAME public.posts_group_id_seq
    START WITH 1
    INCREMENT BY 1
    NO MINVALUE
    NO MAXVALUE
    CACHE 1
);


--
-- Name: posts_post; Type: TABLE; Schema: public; Owner: admin
--

CREATE TABLE public.posts_post (
    id bigint NOT NULL,
    text text NOT NULL,
    pub_date timestamp with time zone NOT NULL,
    author_id integer NOT NULL,
    group_id bigint
);


ALTER TABLE public.posts_post OWNER TO admin;

--
-- Name: posts_post_id_seq; Type: SEQUENCE; Schema: public; Owner: admin
--

ALTER TABLE public.posts_post ALTER COLUMN id ADD GENERATED BY DEFAULT AS IDENTITY (
    SEQUENCE NAME public.posts_post_id_seq
    START WITH 1
    INCREMENT BY 1
    NO MINVALUE
    NO MAXVALUE
    CACHE 1
);


--
-- Data for Name: auth_group; Type: TABLE DATA; Schema: public; Owner: admin
--

COPY public.auth_group (id, name) FROM stdin;
\.


--
-- Data for Name: auth_group_permissions; Type: TABLE DATA; Schema: public; Owner: admin
--

COPY public.auth_group_permissions (id, group_id, permission_id) FROM stdin;
\.


--
-- Data for Name: auth_permission; Type: TABLE DATA; Schema: public; Owner: admin
--

COPY public.auth_permission (id, name, content_type_id, codename) FROM stdin;
1	Can add log entry	1	add_logentry
2	Can change log entry	1	change_logentry
3	Can delete log entry	1	delete_logentry
4	Can view log entry	1	view_logentry
5	Can add permission	2	add_permission
6	Can change permission	2	change_permission
7	Can delete permission	2	delete_permission
8	Can view permission	2	view_permission
9	Can add group	3	add_group
10	Can change group	3	change_group
11	Can delete group	3	delete_group
12	Can view group	3	view_group
13	Can add user	4	add_user
14	Can change user	4	change_user
15	Can delete user	4	delete_user
16	Can view user	4	view_user
17	Can add content type	5	add_contenttype
18	Can change content type	5	change_contenttype
19	Can delete content type	5	delete_contenttype
20	Can view content type	5	view_contenttype
21	Can add session	6	add_session
22	Can change session	6	change_session
23	Can delete session	6	delete_session
24	Can view session	6	view_session
25	Can add group	7	add_group
26	Can change group	7	change_group
27	Can delete group	7	delete_group
28	Can view group	7	view_group
29	Can add post	8	add_post
30	Can change post	8	change_post
31	Can delete post	8	delete_post
32	Can view post	8	view_post
\.


--
-- Data for Name: auth_user; Type: TABLE DATA; Schema: public; Owner: admin
--

COPY public.auth_user (id, password, last_login, is_superuser, username, first_name, last_name, email, is_staff, is_active, date_joined) FROM stdin;
2	pbkdf2_sha256$390000$GjlfFt67bZF7b5ya4nLrsS$12EYPjXOU7m+H7oi0GkykkjQKXdB4f9gev8vtU3Hoag=	\N	f	leo	Лев	Толстой	ln@yasnaya.polyana	f	t	2023-01-09 20:21:48+08
1	pbkdf2_sha256$600000$ilphA2wgSpzZ90YCP2Xeyk$meA1lIObUJhaUGu6RolLxZ5gYm2H45dnx25P2YiuSGE=	2023-06-28 14:06:38.966038+08	t	admin	Администратор		adminrozhnev@gmail.com	t	t	2023-01-09 19:57:43+08
\.


--
-- Data for Name: auth_user_groups; Type: TABLE DATA; Schema: public; Owner: admin
--

COPY public.auth_user_groups (id, user_id, group_id) FROM stdin;
\.


--
-- Data for Name: auth_user_user_permissions; Type: TABLE DATA; Schema: public; Owner: admin
--

COPY public.auth_user_user_permissions (id, user_id, permission_id) FROM stdin;
\.


--
-- Data for Name: django_admin_log; Type: TABLE DATA; Schema: public; Owner: admin
--

COPY public.django_admin_log (id, action_time, object_id, object_repr, action_flag, change_message, content_type_id, user_id) FROM stdin;
1	2023-01-09 20:21:48.950239+08	2	leo	1	[{"added": {}}]	4	1
2	2023-01-09 20:22:24.731279+08	2	leo	2	[{"changed": {"fields": ["First name", "Last name", "Email address"]}}]	4	1
3	2023-01-09 20:23:50.358571+08	1	Любители котиков	1	[{"added": {}}]	7	1
4	2023-01-09 20:24:06.507509+08	2	Гачимучи	1	[{"added": {}}]	7	1
5	2023-01-09 20:24:10.860531+08	1	Мой первый пост!	1	[{"added": {}}]	8	1
6	2023-01-09 20:51:22.711864+08	39	Мой второй пост!	1	[{"added": {}}]	8	1
7	2023-01-09 20:51:45.098015+08	39	Мой второй пост!	3		8	1
8	2023-01-09 20:52:50.299333+08	39	Мой второй пост!	1	[{"added": {}}]	8	1
9	2023-01-09 20:53:04.533789+08	39	Мой второй пост!	3		8	1
10	2023-01-09 20:55:03.406861+08	1	admin	2	[{"changed": {"fields": ["First name", "Email address"]}}]	4	1
11	2023-01-09 20:55:27.081439+08	38	Мой второй пост!	1	[{"added": {}}]	8	1
12	2023-01-10 19:56:43.099847+08	40	Данный пост был создан в shell!	3		8	1
13	2023-01-10 19:56:43.104435+08	39	Данный пост был создан в shell!	3		8	1
14	2023-04-10 14:55:39.149272+08	3	Гейский клуб	1	[{"added": {}}]	7	1
15	2023-04-10 15:02:21.476198+08	4	Гей клуб	1	[{"added": {}}]	7	1
16	2023-04-10 15:02:38.03505+08	3	Гейский клуб	3		7	1
17	2023-04-10 15:03:56.759116+08	4	Гей клуб	2	[{"changed": {"fields": ["Description"]}}]	7	1
18	2023-04-11 22:02:50.54989+08	4	Гей клуб	2	[{"changed": {"fields": ["Slug"]}}]	7	1
19	2023-04-11 22:02:57.163737+08	2	Гачимучи	2	[{"changed": {"fields": ["Slug"]}}]	7	1
20	2023-04-11 22:03:05.334312+08	1	Любители котиков	2	[{"changed": {"fields": ["Slug"]}}]	7	1
21	2023-04-11 22:03:14.130798+08	1	Любители котиков	2	[{"changed": {"fields": ["Slug"]}}]	7	1
22	2023-04-11 22:03:47.797663+08	1	Любители котиков	2	[{"changed": {"fields": ["Slug"]}}]	7	1
23	2023-04-11 22:07:47.129267+08	4	Гей клуб23423235325	2	[{"changed": {"fields": ["Title"]}}]	7	1
24	2023-04-11 22:07:54.544221+08	4	Гей клуб	2	[{"changed": {"fields": ["Title"]}}]	7	1
25	2023-04-11 22:08:18.913946+08	4	Гей клубqwrqwrqwrqwr	2	[{"changed": {"fields": ["Title"]}}]	7	1
26	2023-04-11 22:08:39.414796+08	4	Гей клуб	2	[{"changed": {"fields": ["Title"]}}]	7	1
27	2023-04-11 22:08:46.377766+08	1	Любители котиков	2	[]	7	1
28	2023-05-20 22:53:37.948556+08	8	Тестовая группа	3		7	1
29	2023-05-20 22:53:45.350451+08	55	Post: Сообщение тестового ...	3		8	1
30	2023-05-20 22:53:53.557015+08	8	test_user	3		4	1
31	2023-06-28 14:07:25.596376+08	56	123	3		8	1
\.


--
-- Data for Name: django_content_type; Type: TABLE DATA; Schema: public; Owner: admin
--

COPY public.django_content_type (id, app_label, model) FROM stdin;
1	admin	logentry
2	auth	permission
3	auth	group
4	auth	user
5	contenttypes	contenttype
6	sessions	session
7	posts	group
8	posts	post
\.


--
-- Data for Name: django_migrations; Type: TABLE DATA; Schema: public; Owner: admin
--

COPY public.django_migrations (id, app, name, applied) FROM stdin;
1	contenttypes	0001_initial	2023-01-09 19:57:25.005429+08
2	auth	0001_initial	2023-01-09 19:57:25.042202+08
3	admin	0001_initial	2023-01-09 19:57:25.049837+08
4	admin	0002_logentry_remove_auto_add	2023-01-09 19:57:25.053318+08
5	admin	0003_logentry_add_action_flag_choices	2023-01-09 19:57:25.05674+08
6	contenttypes	0002_remove_content_type_name	2023-01-09 19:57:25.064289+08
7	auth	0002_alter_permission_name_max_length	2023-01-09 19:57:25.069072+08
8	auth	0003_alter_user_email_max_length	2023-01-09 19:57:25.072689+08
9	auth	0004_alter_user_username_opts	2023-01-09 19:57:25.076114+08
10	auth	0005_alter_user_last_login_null	2023-01-09 19:57:25.079627+08
11	auth	0006_require_contenttypes_0002	2023-01-09 19:57:25.080656+08
12	auth	0007_alter_validators_add_error_messages	2023-01-09 19:57:25.083771+08
13	auth	0008_alter_user_username_max_length	2023-01-09 19:57:25.089958+08
14	auth	0009_alter_user_last_name_max_length	2023-01-09 19:57:25.093857+08
15	auth	0010_alter_group_name_max_length	2023-01-09 19:57:25.098964+08
16	auth	0011_update_proxy_permissions	2023-01-09 19:57:25.104027+08
17	auth	0012_alter_user_first_name_max_length	2023-01-09 19:57:25.107735+08
18	posts	0001_initial	2023-01-09 19:57:25.124174+08
19	sessions	0001_initial	2023-01-09 19:57:25.131956+08
20	posts	0002_alter_group_description_alter_group_slug_and_more	2023-04-11 22:08:13.481221+08
21	posts	0003_alter_post_options_alter_post_group_and_more	2023-05-20 16:03:21.79699+08
\.


--
-- Data for Name: django_session; Type: TABLE DATA; Schema: public; Owner: admin
--

COPY public.django_session (session_key, session_data, expire_date) FROM stdin;
6qvxj0ioe95kzm6sshsfv863h8ljvebm	.eJxVjMsOwiAQRf-FtSFTKFNw6d5vIMDMSNWUpI-V8d-1SRe6veec-1IxbWuN28JzHEmdVadOv1tO5cHTDuieplvTpU3rPGa9K_qgi7424uflcP8OalrqtzZDsCDgIQmy8Sw9BUY7WMwFxLPrs7EdhJ69DBgwUEIScuiRxUFW7w_VSjfI:1pmCGu:3OQ0gYApCqgDmwXAySgfYnKFS82428WvQQWcnIibyrU	2023-04-25 19:34:48.82431+08
lvsmafushf10vjngnkfwahl65kv56cpe	.eJxVjMsOwiAQRf-FtSFTKFNw6d5vIMDMSNWUpI-V8d-1SRe6veec-1IxbWuN28JzHEmdVadOv1tO5cHTDuieplvTpU3rPGa9K_qgi7424uflcP8OalrqtzZDsCDgIQmy8Sw9BUY7WMwFxLPrs7EdhJ69DBgwUEIScuiRxUFW7w_VSjfI:1pmCfX:WQG9HbW2f1hENFBguE8H-R-Omb-CxnJhx1m1_M3oz-w	2023-04-25 20:00:15.708262+08
3zghbecv8b0jx52e79u9f76aabky32li	e30:1pmZQP:RGtPRWOEbwbfGWNRcmT79VpigROJ-6xko0glovTSEEg	2023-04-26 20:18:09.274179+08
ddtbs770vedb2ja8tgv0ua0nhn98re2i	e30:1pmZQx:XnUva4jkCSQqZA5GfGocxmNGN1GTiE5YE6EqXJfxVJA	2023-04-26 20:18:43.481839+08
g6taud2d7jolmd1c1sw5tnfvqv7gdrrl	.eJxVjMsOwiAQRf-FtSHSYSjj0n2_oRlgkKqBpI-V8d-1SRe6veec-1Ijb2sZt0XmcUrqoow6_W6B40PqDtKd663p2Oo6T0Hvij7oooeW5Hk93L-Dwkv51gQxGcwsNuSzF-xdIIeenTBiRA4eCbrkLNmcQACMBeiJfORoO0Pq_QHriDeO:1pFDDq:pAi-_1dD6JCBoXbKSX0faZvnNRxAsBNc2b4j7KFbw0w	2023-01-24 19:55:18.837856+08
4qvqo0449y50rie5w8bsa4qdk3r8jqen	.eJxVjU0OwiAQhe_CWptSGFpcuvcMZAYGWzXFFBoXxrtbki508xbv53tv4XAto1szL24K4iSkOPx6hP7Ocw3CDedranyayzJRUyvNnubmkgI_znv3DzBiHre1VT5IiMiaYjsw9IasgQENI4AHpAGs6oLRVsegWCmpleqtHTx63UlboU_M-ZWW4BbOXFxJ29uGprEQ81G12KMFaKkqG_S9l8ZQR9q0Mkrx-QIvSUxq:1pFERs:l1FeGrkQgvya1SdUg2Vo0R8DyVRInE6ZCf8uv7Xwv_w	2023-01-24 21:13:52.983648+08
rtowycafaunwvyu4mzixhzmcceaikoe9	.eJxVjDsOwjAQBe_iGln-xg4lPWewdtdrHECOFCcV4u4QKQW0b2beSyTY1pq2zkuasjgLLU6_GwI9uO0g36HdZklzW5cJ5a7Ig3Z5nTM_L4f7d1Ch12_N3mSvLYHPliMGBxE1kOXRqeKGbFEbOxAFsAFHpYGjKwajI0QsCsX7A_PHOKc:1pmZWc:XoyHvC2_VWpVtnu4Gl84V1fKuxBIOnSlEml7FVXOzMg	2023-04-26 20:24:34.63107+08
k6j9vfvgxaloslur3tvy4omx765rj51p	.eJxVjMsOwiAQRf-FtSFTKFNw6d5vIMDMSNWUpI-V8d-1SRe6veec-1IxbWuN28JzHEmdVadOv1tO5cHTDuieplvTpU3rPGa9K_qgi7424uflcP8OalrqtzZDsCDgIQmy8Sw9BUY7WMwFxLPrs7EdhJ69DBgwUEIScuiRxUFW7w_VSjfI:1pnxun:KTO7MZXDJHryKxQYfxA5b8TKdcsy0p6o7HIg4OzwjeQ	2023-04-30 16:39:17.545838+08
wvu2ua76v6eu1resjl3e53uzygg3jgxx	e30:1pzboJ:WeNs6ljfiohcORB7hgkoDIMyE1a2Ykop7fEKuETvAIg	2023-06-01 19:28:43.188733+08
2sypynv96k4sycq2ow0y0b7jxjejgxag	.eJxVjDsOwjAQBe_iGln-xg4lPWewdtdrHECOFCcV4u4QKQW0b2beSyTY1pq2zkuasjgLLU6_GwI9uO0g36HdZklzW5cJ5a7Ig3Z5nTM_L4f7d1Ch12_N3mSvLYHPliMGBxE1kOXRqeKGbFEbOxAFsAFHpYGjKwajI0QsCsX7A_PHOKc:1pzbop:U0Kp9VKGC8-PkjHPaIt6co0q7HzQEHC89sq1_6DM9d0	2023-06-01 19:29:15.387008+08
rrzgrmi7c3shu8mxzk0chblzegf78u1r	.eJxVjMsOwiAQRf-FtSFTKFNw6d5vIMDMSNWUpI-V8d-1SRe6veec-1IxbWuN28JzHEmdVadOv1tO5cHTDuieplvTpU3rPGa9K_qgi7424uflcP8OalrqtzZDsCDgIQmy8Sw9BUY7WMwFxLPrs7EdhJ69DBgwUEIScuiRxUFW7w_VSjfI:1q0LP9:Rw706f9BIegGQidrr9dJpoAhaSYGAIZPKDhBB0RsEs0	2023-06-03 20:09:47.367384+08
rq9dmo3wk490k189rskmacbrwvnk4xq8	.eJxVjMsOwiAQRf-FtSFTKFNw6d5vIMDMSNWUpI-V8d-1SRe6veec-1IxbWuN28JzHEmdVadOv1tO5cHTDuieplvTpU3rPGa9K_qgi7424uflcP8OalrqtzZDsCDgIQmy8Sw9BUY7WMwFxLPrs7EdhJ69DBgwUEIScuiRxUFW7w_VSjfI:1q1S3W:oDFyCeRO4LssSLF-VUwVdzJxS3pqnrrSsQTa-Ag1xh0	2023-06-06 21:28:02.845256+08
cyis1lets87lwgen22x0uzc7xdjow9lb	.eJxVjMsOwiAQRf-FtSFTKFNw6d5vIMDMSNWUpI-V8d-1SRe6veec-1IxbWuN28JzHEmdVadOv1tO5cHTDuieplvTpU3rPGa9K_qgi7424uflcP8OalrqtzZDsCDgIQmy8Sw9BUY7WMwFxLPrs7EdhJ69DBgwUEIScuiRxUFW7w_VSjfI:1qE9I9:Vz3pzoz3Fr7UwNCJTalSOzbvea5HwZ1yOITRB0NW94E	2023-07-11 22:03:37.844636+08
dud672cygb9wjk6h1lp5nvelkeeh21s2	.eJxVjMsOwiAQRf-FtSFTKFNw6d5vIMDMSNWUpI-V8d-1SRe6veec-1IxbWuN28JzHEmdVadOv1tO5cHTDuieplvTpU3rPGa9K_qgi7424uflcP8OalrqtzZDsCDgIQmy8Sw9BUY7WMwFxLPrs7EdhJ69DBgwUEIScuiRxUFW7w_VSjfI:1qEOK6:0eqQ8iv1x_gcKSbzSUY9Avp4M6oGZdPcqdoXCV0tJ6E	2023-07-12 14:06:38.969296+08
s3h7sobaimk1u8jp9k70ltccgby7106n	.eJxVjEEOwiAQRe_C2hCgMGVcuvcMZGBAqoYmpV0Z765NutDtf-_9lwi0rTVsPS9hYnEWWpx-t0jpkdsO-E7tNss0t3WZotwVedAurzPn5-Vw_w4q9fqtEydrvS5QileeGUx24wCkWEfntUdwOhpEFwmICyhnMFk1JrIMiIN4fwDjNzeH:1pYkm6:w2zedxSp3MEPVfX3ziP7E9g_2j4AG2Y_Zqb1nyGWx5E	2023-03-19 17:35:26.421395+08
qem2r0ecdan5duv2o83fnbpdqao383kd	.eJxVjEEOwiAQRe_C2hCgMGVcuvcMZGBAqoYmpV0Z765NutDtf-_9lwi0rTVsPS9hYnEWWpx-t0jpkdsO-E7tNss0t3WZotwVedAurzPn5-Vw_w4q9fqtEydrvS5QileeGUx24wCkWEfntUdwOhpEFwmICyhnMFk1JrIMiIN4fwDjNzeH:1paVRz:xHVpK-YuFgXQ_SzvQASXNXsi7y9Dj4iysQfrnaYkk8M	2023-03-24 13:37:55.651533+08
2jbqowd1g7aoh20obbjk6maz6im10i4p	.eJxVjEEOwiAQRe_C2hCgMGVcuvcMZGBAqoYmpV0Z765NutDtf-_9lwi0rTVsPS9hYnEWWpx-t0jpkdsO-E7tNss0t3WZotwVedAurzPn5-Vw_w4q9fqtEydrvS5QileeGUx24wCkWEfntUdwOhpEFwmICyhnMFk1JrIMiIN4fwDjNzeH:1pc5AW:_pEeBDVTKD1MMowGBLTMSwtkQqZBcMvXhtrdtfvzOpQ	2023-03-28 21:58:24.165327+08
vdb0lcklj832obpshbgnhlyzvikpr2kv	.eJxVjEEOwiAQRe_C2hCgMGVcuvcMZGBAqoYmpV0Z765NutDtf-_9lwi0rTVsPS9hYnEWWpx-t0jpkdsO-E7tNss0t3WZotwVedAurzPn5-Vw_w4q9fqtEydrvS5QileeGUx24wCkWEfntUdwOhpEFwmICyhnMFk1JrIMiIN4fwDjNzeH:1pjhyR:oSgeUVap5adpOz8iv5egXWFGNYy-vj4rGAk9WeteAUA	2023-04-18 22:49:27.272535+08
73r42poqucmzw5lp7k5emb5g6dto5myb	.eJxVjMsOwiAQRf-FtSFTKFNw6d5vIMDMSNWUpI-V8d-1SRe6veec-1IxbWuN28JzHEmdVadOv1tO5cHTDuieplvTpU3rPGa9K_qgi7424uflcP8OalrqtzZDsCDgIQmy8Sw9BUY7WMwFxLPrs7EdhJ69DBgwUEIScuiRxUFW7w_VSjfI:1pllGI:OoVn8hVCOxQteJEld7DAmOhcyzcCJ2IAwK2oZiBBUwg	2023-04-24 14:44:22.955234+08
3be5o5gu1brvif2x1pdbkw51r0wq0dx2	.eJxVjMsOwiAQRf-FtSFTKFNw6d5vIMDMSNWUpI-V8d-1SRe6veec-1IxbWuN28JzHEmdVadOv1tO5cHTDuieplvTpU3rPGa9K_qgi7424uflcP8OalrqtzZDsCDgIQmy8Sw9BUY7WMwFxLPrs7EdhJ69DBgwUEIScuiRxUFW7w_VSjfI:1pllRL:A4xnIdAHo8DkqICpTQ9tE4K_Qxbhv_MQXxtfMyMtwVo	2023-04-24 14:55:47.87487+08
xek0krrpqeuyacp9n5vqyqmidkb1erie	.eJxVjMsOwiAQRf-FtSFTKFNw6d5vIMDMSNWUpI-V8d-1SRe6veec-1IxbWuN28JzHEmdVadOv1tO5cHTDuieplvTpU3rPGa9K_qgi7424uflcP8OalrqtzZDsCDgIQmy8Sw9BUY7WMwFxLPrs7EdhJ69DBgwUEIScuiRxUFW7w_VSjfI:1pllX8:Z_KKP9Pwo0MEpebMkryMeNYmxtRaBeCc4TFvnNE_3P8	2023-04-24 15:01:46.169999+08
\.


--
-- Data for Name: posts_group; Type: TABLE DATA; Schema: public; Owner: admin
--

COPY public.posts_group (id, title, slug, description) FROM stdin;
2	Гачимучи	gachimuchi	МУЖИКИ В ФОРРРМЕ!!!
4	Гей клуб	gej-klub	Mann Gegen Mann
1	Любители котиков	lyubiteli-kotikov	Сообщество любителей Котиков!
\.


--
-- Data for Name: posts_post; Type: TABLE DATA; Schema: public; Owner: admin
--

COPY public.posts_post (id, text, pub_date, author_id, group_id) FROM stdin;
1	Мой первый пост!	2023-01-09 20:24:10.858437+08	1	2
4	[Бухарест.] Во время перехода отъ Силистріи къ Маю я ѣздилъ въ Букарестъ. Я игралъ и принужденъ былъ занимать деньги. Положеніе унизительное для каждаго и для меня въ особенности. Написалъ письма: тетинькѣ, Митѣ, Некрасову и Оськѣ. — Всё еще не знаю, за что приняться, и поэтому ничего не дѣлаю. Кажется, что лучше всего работать за романомъ Р[усскаго] П[омѣщика].	1854-06-23 06:57:05+06:57:05	2	1
17	Писать не хочется, а я сказалъ уже, что принуждать себя ни къ чему не намѣренъ par parti pris. — Поэтому скажу только, что читалъ Лафонтена и Гёте, котораго начинаю день ото дню понимать лучше, и писалъ на бѣло З[аписки] Ф[еерверкера] очень мало и лѣниво, за что и дѣлаю себѣ упрекъ. (1)	1854-07-10 06:57:05+06:57:05	2	1
34	Пишу въ самомъ пріятномъ веселомъ расположеніи духа, въ которомъ я провелъ весь вечеръ. Утро читалъ, объѣдался грушами и вмѣсто обѣда ѣлъ сыръ. Несмотря на кутежи у Сталыпина и Сержпутовскаго по случаю полученія наградъ, не завидовалъ, а провелъ день весело. Вечеромъ хватилъ босонож[ку] и выпилъ бокала два шампанскаго съ Шварц[емъ], Вейлеровскимъ [?] и Гембичомъ, потомъ болталъ съ Шубинымъ и съ Сашей Горчаковымъ. — Исключая праздности, днемъ своимъ очень доволенъ. (1)	1854-07-28 06:57:05+06:57:05	2	1
21	Моя молитва. «Вѣрую во единаго всемогущаго и добраго Бога, въ безсмертіе души и въ вѣчное возмездіе по дѣламъ нашимъ; желаю вѣровать въ религію отцовъ моихъ и уважаю ее». ——\n\n«Отче нашъ» и т. д. «За упокой и за спасеніе род[ителей]». «Благодарю тебя, Господи за милости Твои, за то... за то и за то. (При этомъ вспомни все, что было для тебя счастливаго.) Прошу, внуши мнѣ благія предпріятія и мысли, и дай мнѣ счастія и успѣха въ нихъ. — Помоги мнѣ исправляться отъ пороковъ моихъ; избави меня отъ болѣзней, страданій, ссоръ, долговъ и униженій. —\n\nДаруй мнѣ въ твердой вѣрѣ и надеждѣ на Тебя, въ любви къ другимъ и отъ другихъ съ спокойной совѣстью и пользой для ближняго жить и умереть. Даруй мнѣ творить добро и избѣгать зла; но будетъ со мной добро или зло, да будетъ пресвятая воля твоя! Даруй мнѣ добра, истиннаго! Г[оспо]ди помилуй! Г[оспо]ди помилуй, Г[оспо]ди помилуй! —\n\nУтро очень позднее, потому что всталъ въ 10, читалъ о Черногоріи, писалъ немного и болталъ съ товарищами, которые зашли ко мнѣ. Послѣ обѣда долженъ былъ принуждать себя, чтобы написать немного и не отчетливо. Часовъ въ 9 пріѣхалъ Бартоломей, съ нимъ я выѣхалъ въ первый разъ, былъ въ Херестреу и болталъ до 12. Могъ бы упрекнуть себя за лѣнь, но принявъ во вниманіе стараніе и болѣзнь — прощаю, но —подлость, когда я попросилъ Доктора разрѣзать мнѣ дырочку и потомъ испугался и просилъ отложить, стоитъ палокъ, плетей. (1)	1854-07-13 06:57:05+06:57:05	2	1
37	[Фокшаны.] Еще переходъ до Фокшанъ, во время котораго я ѣхалъ съ Монго. Человѣкъ пустой, но съ твердыми, хотя и ложными убѣжденіями. Генерал[у] по этому должно быть случаю, угодно было спрашивать о моемъ здоровьи. Свинья! К[о]вырялъ носъ и ничего не написалъ — вотъ 2 упрека за нын[ѣшній] день. Послѣдній упрекъ становится слишкомъ частъ, хотя походъ и можетъ служить въ немъ отчасти извиненіемъ. Отношенія мои съ товарищами становятся такъ пріятны, что мнѣ жалко бросить штабъ. Здоровье кажется (2) лучше. 	1854-07-31 06:57:05+06:57:05	2	1
36	[Рымник.] Сдѣлалъ верхомъ переходъ до Рымника. [[5]] Старикъ все не кланяется мнѣ. Обѣ вещи эти злятъ меня. Съ встрѣчавшимися баши-бузуками велъ себя хорошо. Объяснился съ Крыжановскимъ. Онъ, не знаю зачѣмъ, совѣтуетъ мнѣ прикомандироваться къ казачьей батареѣ; совѣтъ, которому я не послѣдую. Желчно спорилъ вечеромъ съ Фриде и Бабарыкинымъ, ругалъ Сержпутовскому и ничего не сдѣлалъ, вотъ 3 упрека, которыя дѣлаю себѣ за нынѣшній день. (3)	1854-07-30 06:57:05+06:57:05	2	1
26	Вчера утро читалъ и сбирал[ся] къ отъѣзду. Вечеромъ выѣхалъ самымъ безалабернымъ и нерѣшительнымъ образомъ съ Малышевымъ въ Мара-Домняска, гдѣ и пробылъ нынѣшній день. За эти оба дня упрекаю себя 1) за нерѣшительность при выѣздѣ, 2) за раздражительность вчера утромъ съ Алешкой и 3) немножко за лѣнь вчера. — (3)	1854-07-20 06:57:05+06:57:05	2	1
6	День ото дня откладывалъ операцію, ожидая перехода въ Букарестъ; a здѣсь откладывалъ, ожидая квартиры и Доктора. Въ Журжѣ были дѣла, въ кот[орыхъ] бы я могъ быть, ежели бы былъ здоровъ. Денегъ нѣтъ ни гроша и я долженъ. Валер[ьянъ] пишетъ въ письмѣ, кот[орое] я получилъ вчера, что ни лошадей, ни денегъ нѣтъ. — Намѣренъ лечиться серьезно. Мнѣ хочется пожить беззаботно и весело, не знаю, что выйдетъ изъ этаго желанія.	1854-06-29 06:57:05+06:57:05	2	1
35	Исправленіе мое идетъ прекрасно. Я чувствую, какъ отношенія мои становятся пріятны и легки съ людьми всякаго рода, съ тѣхъ поръ какъ я рѣшился быть скромнымъ и убѣдился въ томъ, что казаться всегда величественнымъ и непогрѣшнымъ вовсе не есть необходимость. Я очень веселъ. И дай Богъ, какъ мнѣ кажется, — чтобы веселье это происходило отъ самаго меня; отъ желаній всѣмъ быть пріятнымъ, скромности, необидчивости и внимательности за вспышками. — Тогда бы я всегда былъ веселъ и почти всегда счастливъ. Утромъ рѣшилъ было сидѣть дома, позаниматься, но дѣло не пошло и не утерпѣлъ вечеромъ, чтобы не пойдти пошляться.\n\nИдя отъ ужина, мы съ Тишк[евичемъ] остановились у бардели и насъ накрылъ Крыжановскій, что, признаюсь, было мнѣ не совсѣмъ пріятно. Упрекаю себя за безхарактерность, что не высидѣлъ дома, и зa праздность цѣлаго дня. Это главный пунктъ. (2)	1854-07-29 06:57:05+06:57:05	2	1
7	Сегодня мнѣ сдѣлали операцію съ клороформомъ — я былъ малодушенъ. Ничего не дѣлалъ отъ невозможности. Есть надежда выздоровѣть. —	1854-06-30 06:57:05+06:57:05	2	1
33	Цѣлый день пробылъ на мѣстѣ, ни съ кѣмъ не видѣлся, кромѣ Тишкевича и Адъютантовъ, которые всѣ, какъ мнѣ кажется, дичатся меня, какъ disgracié.\n\nСмѣшно! Я доволенъ своимъ днемъ, ежели бы не лѣнь и не 2 дѣвки у хозяйки, которымъ я не могъ рѣшиться слова сказать и два часа ходилъ около дома. Кое какія мысли приходили въ голову, но я чувствую, какъ память притупляется, любовь и уваженіе и довѣріе къ уму исчезаютъ и я падаю въ мірѣ идеальномъ, не подвигаясь вслѣдствіе этого — какъ бы это должно было быть — въ мірѣ практическом. Именно одна изъ мыслей, по случаю которой мнѣ пришло въ голову это разсужденіе, было то, что — снискивать любовь ближняго напрасно. У Дик[енса] стоитъ наравнѣ съ другими правилами; это не можетъ быть правиломъ основнымъ, потому что оно сложно и состоитъ изъ многихъ. — А впрочемъ, несмотря на это, оно понятнѣе, всегда памятнѣе и какъ то ближе сердцу, чѣмъ другія правила основныя, какъ быть скромнымъ, довольнымъ, чистосердечнымъ.\n\nУпрекаю себя нынче 1) за праздность; потому что нынѣшній день, сколько бы я не старался оправдать себя, одинъ изъ тѣхъ, въ которыхъ, я долженъ признаться, я ровно ничего не сдѣлалъ. — Не оставилъ по себѣ никакого слѣда, и 2) за ребяческую нерѣшительность съ дѣвками. —————— (2)	1854-07-27 06:57:05+06:57:05	2	1
3	Ровно 3 мѣсяца промежутка. — 3 мѣсяца праздности и жизни, которой я не могу быть доволенъ. — Недѣли три я былъ у Шейдемана и жалѣю, что не остался. Съ офицерами бы я ладилъ, и съ батар[ейнымъ] команд[иромъ] умѣлъ бы устроиться. За то дурное общество и затаенная злоба отъ своего неблестящаго положенія хорошо бы подѣйствовали на меня. Я сердился бы, скучалъ, старался бы подняться морально надъ своимъ положеніемъ и сталъ бы лучше — работалъ бы. — Откомандированіе меня въ Штабъ пришло въ то самое время, когда я поссорился съ батарейнымъ командиромъ, и польстило моему тщеславію. — Болѣзнь моя, во время которой я не могъ даже вернуться на старую колею занятій и честнаго труда съ одной цѣлью добра, — доказала мнѣ, до какой степени я испортился. Чѣмъ выше я становлюсь въ общественномъ мнѣніи, тѣмъ ниже я становлюсь въ собственному Я имѣлъ нѣсколько разъ женщинъ, лгалъ, тщеславился и, что всего ужаснѣе, подъ огнемъ велъ себя не такъ, какъ надѣялся отъ самаго себя.____\n\nОсада Силистріи снята, я еще не былъ въ дѣлѣ, положеніе мое въ кругу товарищей и начальство хорошо, несмотря на остаток б[.....] и ранки, здоровье мое порядочно и въ моральномъ отношеніи я твердо рѣшился посвятить свою жизнь пользѣ ближняго. Въ послѣдній разъ говорю себѣ:\nЕжели пройдетъ 3 дня, во время которыхъ я ничего не сдѣлаю для пользы людей, я убью себя. —  Помоги мнѣ Господи._________\nДо обѣда пишу письма: Сережѣ и теткамъ, Волконской, ежели успѣю. Послѣ обѣда продолжаю записки Феерверкера. __________	1854-06-15 06:57:05+06:57:05	2	1
32	[Бузео.] Опять переходъ — до Бузео. Баши-бузуки — какъ нарочно, согласились быть особенно милыми, но во мнѣ было слишкомъ много жолчи. Я дичился. И опять оскорбилъ Тышкевича. — Вообще рѣдко помню, чтобы я, во всѣхъ отношеніяхъ, былъ въ такомъ ужасномъ положеніи, какъ теперь. Болѣнъ, раздраженъ, совершенно одинокъ, — я всѣмъ съумѣлъ опротивѣть, — въ самомъ нерѣшительномъ и дурномъ служебномъ положеніи и безъ денегъ. — Нужно выйдти изъ этаго положенія. — Лечиться пристальнѣе, перетерпѣть непріятность новаго сближенія съ товарищами. Объясниться о службѣ съ Генераломъ или Крыжановскимъ и достать денегъ. Упрекаю 1) за лѣнь, 2) за нескромность съ Сухтеленомъ и съ Тышкевичемъ и 3) за необдуманность, недовольство и нерѣшительность къ исправленію своего положенія. ————————— (4)	1854-07-26 06:57:05+06:57:05	2	1
28	Опять переходъ, несмотря на который я бы былъ доволенъ сегодничнымъ днемъ, ежели-бы не глупое требованіе Кыржановскаго, чтобы я ѣхалъ въ Леово. Я ходилъ къ нему утромъ и имѣлъ слабость и глупость не разбудить его; потомъ заснулъ, пообѣдалъ и написалъ немного. Здоровье хорошо и завтра являюсь къ обоимъ Начальникамъ и подаю оба рапорта. — Упрекъ за нерѣшительность съ Крыжанов[скимъ]. (1)	1854-07-22 06:57:05+06:57:05	2	1
27	[Синешти.] Рано утромъ меня разбудили и повезли въ Синешти. Вообще недоволенъ я сегодничнымъ днемъ. — Почему-то — не отъ лѣни, а за занятіями ѣдой и палаткой, не было какъ-тο время. — Я ровно ничего не дѣлалъ, даже не читалъ. — Стою и завелъ артель съ немножко не порядочными людьми и, признаюсь, иногда жалѣю, что не въ той артели. Однако, кромѣ того, что это дастъ мнѣ время заниматься, я доволенъ и тѣмъ, что веду себя хорошо — не отталкиваю и не схожусь слишкомъ близко. Глупый старикъ опять разсердилъ меня своей манерой не кланяться. Надо будетъ дать ему шикнотку. Вчера забылъ записать удовольствіе, которое мнѣ доставилъ Шиллеръ своимъ Рудольфомъ Габсбургскимъ и нѣкоторыми мѣлкими философскими стихотвореніями. Прелестна простота, картинность и правдоподобная тихая поэзія въ первомъ. Во второмъ-же поразила меня, записалась въ душѣ, какъ говоритъ Бартоломей, мысль, что, чтобы сдѣлать что нибудь великое, нужно всѣ силы души устремить на одну точку. —\nУпреки 1) за невоздержность и нерѣшительность въ томъ, что я ѣлъ сыръ, и 2) праздность цѣлаго дня, особенно ежели я хоть немного не поработаю теперь. (2)	1854-07-21 06:57:05+06:57:05	2	1
18	Перечитывалъ Героя нашего времени, читалъ Гёте и только передъ вечеромъ написалъ очень мало. Почему? Лѣнь, нерѣшительность и страсть смотрѣть свои усы и фистулы. За что и дѣлаю себѣ 2 упрека. Нынче Бабарыкину, который былъ тутъ и ѣдетъ къ Генералу, поручилъ свой рапортъ о переводѣ. Еще упрекъ за то, что посмѣялся надъ Олхинымъ при Бабарыкинѣ. (3)	1854-07-11 06:57:05+06:57:05	2	1
20	Съ утра чувствовалъ въ головѣ тяжесть и не могъ преодолѣть себя, чтобы заниматься. Весь день читалъ Современникъ. Эсфирь (Холодный домъ) говоритъ, что дѣтская молитва ея состояла въ обѣщаніи, которое она дала Богу 1) всегда быть трудолюбивой, 2) чистосердечной, 3) довольной и 4) стараться снискивать любовь всѣхъ окружающихъ ее.\n\nКакъ просты, какъ милы, удобоисполнимы и велики эти 4 правила. Вечеромъ позвалъ къ себѣ Антропова, чтобы взять денегъ, и спорилъ съ нимъ, т. е. присутствіе его возбуждало мои мысли. Я люблю это, хотя къ этому примѣшивается всегда непріятное и дурное чувство, что онъ не можетъ оцѣнить моихъ мыслей. Зашелъ и Шубинъ съ своимъ тщеславно униженнымъ лицомъ и взглядомъ на вещи. За что я это написалъ? Не знаю. — Упрекаю себя за лѣнь. (1)	1854-07-12 06:57:05+06:57:05	2	1
14	Скромности у меня нѣтъ! вотъ мой большой недостатокъ. —\n\nЧто я такое? Одинъ изъ 4-хъ сыновей отставнаго Подполковника, оставшійся съ 7 лѣтняго возраста безъ родителей подъ опекой женщинъ и постороннихъ, не получившій ни свѣтскаго, ни ученаго образованія и вышедшій на волю 17-ти лѣтъ, безъ большого состоянія, безъ всякаго общественнаго положенія и, главное, безъ правилъ; человѣкъ, разстроившій свои дѣла до послѣдней крайности, безъ цѣли и наслажденія проведшій лучшія года своей жизни, наконецъ изгнавшій себя на Кавказъ, чтобъ бѣжать отъ долговъ и, главное, привычекъ, а оттуда, придравшись къ какимъ-то связямъ, существовавшимъ между его отцомъ и Командующимъ арміей, перешедшій въ Дунайскую армію 26 лѣтъ, прапорщикомъ, почти безъ средствъ кромѣ жалованья (потому что тѣ средства, которыя у него есть, онъ долженъ употребить на уплату оставшихся долговъ), безъ покровителей, безъ умѣнья жить въ свѣтѣ, безъ знанія службы, безъ практическихъ способностей; но — съ огромнымъ самолюбіемъ! Да, вотъ мое общественное положеніе. Посмотримъ, что такое моя личность. —\n\nЯ дуренъ собой, неловокъ, нечистоплотенъ и свѣтски необразованъ. — Я раздражителенъ, скученъ для другихъ, нескроменъ, нетерпимъ (intolérant) и стыдливъ, какъ ребенокъ. — Я почти невѣжда. Что я знаю, тому я выучился кое какъ самъ, урывками, безъ связи, безъ толку и то такъ мало. — Я невоздерженъ, нерѣшителенъ, непостояненъ, глупо-тщеславенъ и пылокъ, какъ всѣ безхарактерные люди. Я не храбръ. Я неакуратенъ въ жизни и такъ лѣнивъ, что праздность сдѣлалась для меня почти неодолимой привычкой. — Я уменъ, но умъ мой еще никогда ни на чемъ не былъ основательно испытанъ. У меня нѣтъ ни ума практическаго, ни ума свѣтскаго, ни ума дѣловаго. — Я честенъ, т. е. я люблю добро, сдѣлалъ привычку любить его; и когда отклоняюсь отъ него, бываю недоволенъ собой и возвращаюсь къ нему съ удовольствіемъ; но есть вещи, который я люблю больше добра — славу. Я такъ честолюбивъ и такъ мало чувство это было удовлетворено, что часто, боюсь, я могу выбрать между славой и добродѣтелыо первую, ежели бы мнѣ пришлось выбирать изъ нихъ. ______________\n\nДа, я не скроменъ; оттого то я гордъ въ самомъ себѣ, а стыдливъ и робокъ въ свѣтѣ. ______________\n\nУтромъ писалъ эту страницу и читалъ Louis Philipp’a. Послѣ обѣда уже очень поздно началъ писать 3[аписки] Ф[еерверкера] и до вечера написалъ довольно много несмотря на то, что у меня были Олхинъ и Андроповъ. Послѣ ухода Андроп[ова] ю я облокотился на балконъ и глядѣлъ на свой любимый фонарь, который такъ славно свѣтитъ сквозь дерево. Притомъ же послѣ нѣсколькихъ грозовыхъ тучь, которыя проходили и мочили нынче землю, осталась одна большая, закрывавшая всю южную часть неба и какая-то пріятная легкость и влажность въ воздухѣ.\n\nХозяйская хорошенькая дочка также, какъ я, лежала въ своемъ окнѣ, облокотившись на локти. По улицѣ прошла шарманка, и когда звуки добраго стариннаго вальса, удаляясь все больше и больше, стихли совершенно, дѣвочка до глубины души вздохнула, приподнялась и быстро отошла отъ окошка. Мнѣ стало такъ грустно — хорошо, что я невольно улыбнулся и долго еще смотрѣлъ на свой фонарь, свѣтъ котораго заслоняли иногда качаемыя вѣтромъ вѣтви дерева, на дерево, на заборъ, на небо, и все это мнѣ казалось еще лучше, чѣмъ прежде. —\n\nЯ долженъ упрекнуть себя нынче въ 3-хъ неосновательностяхъ: 1) что я забылъ о фортепьянахъ, 2) не позаботился о рапортѣ перевода и 3) что я ѣлъ боршъ съ поносомъ, который все усиливается. (3)	1854-07-07 06:57:05+06:57:05	2	1
16	Утро и цѣлый день провелъ, то пиша З[аписки] Ф[еерверкера], которыя, между прочимъ, кончилъ, но которыми такъ не доволенъ, что едва ли не придется передѣлать все за ново или вовсе бросить, но бросить не однѣ З[аписки] Ф[еерверкера], но бросить все литераторство; потому что ежели вещь, казавшаяся превосходною въ мысли — выходитъ ничтожна на дѣлѣ, то тотъ, который взялся за нее, не имѣетъ таланта. То читалъ Гёте, Лермонтова и Пушкина. Перваго я плохо понимаю, да и не могу, какъ ни стараюсь, перестать видѣть смѣшное (du ridicule) въ нѣмецкомъ языкѣ. Во второмъ я нашелъ начало Измаилъ-бея весьма хорошимъ. Можетъ быть это показалось мнѣ болѣе потому, что я начинаю любить Кавказъ, хотя посмертной, но сильной любовью. Дѣйствительно хорошъ этотъ край дикой, въ которомъ такъ странно и поэтически соединяются двѣ самыя противуположныя вещи — война и свобода. — Въ Пушкинѣ же меня поразили Цыгане, которыхъ, странно, я не понималъ до сихъ поръ.\nДевизою моего дневника должно быть «non ad probandum, sed ad narrandum».	1854-07-09 06:57:05+06:57:05	2	1
15	Утромъ читалъ и писалъ немного. Вечеромъ побольше, но все не только безъ увлеченія, но съ какою-то непреодолимой лѣнью. Рѣшился не брать фортепьянъ и отвѣтилъ Олхину, что у меня денегъ нѣтъ, чѣмъ онъ вѣрно обидѣлся, тѣмъ болѣе, что я подписалъ просто «весь вашъ». Открылъ я нынче еще поэтическую вещь въ Лермантовѣ и Пушкинѣ; въ первомъ Умирающій гладіаторъ. (Эта предсмертная мечта о домѣ удивительно хороша) и во второмъ Янко Марнавичь, который убилъ нечаянно своего друга. Помолившись усердно и долго въ Церкви, онъ пришелъ домой и легъ на постель. Потомъ онъ спросилъ у женѣ, не видитъ ли она чего нибудь въ окнѣ, она отвѣчала, что нѣтъ. Онъ еще разъ спросилъ, тогда жена сказала, что видитъ за рѣкой огонекъ; когда онъ въ третій разъ спросилъ, жена сказала, что видитъ — огонекъ сталъ побольше и приближается. Онъ умеръ. — Это восхитительно! А отчего? Подите объясняйте послѣ этаго поэтическое чувство. —	1854-07-08 06:57:05+06:57:05	2	1
13	Цѣлый день читалъ то Лермонтова], то Гёте, то Alphonse Karr’a и не могъ приняться за дѣло. — Какъ я не говорю, что я не честолюбивъ, и сколько ни стараюсь быть искреннимъ въ этомъ, le bout de l’oreille se montre malgré moi.\n\nМнѣ непріятно было узнать сегодня, что Осипъ Сержпут[овскій] контуженъ и о немъ донесено: Государю. Зависть.... и изъ за какой пошлости и къ какой дряни!\n\nНынче весь день былъ день непріятныхъ воспоминаній. То воспоминаніе о долгѣ Зубкову мучало меня. (Насчетъ его я было раздумалъ переходъ въ конную артиллерію, по потомъ рѣшился, оставивъ дѣло, какъ есть, ждать до 55-го года.) То воспоминаніе о томъ, что я будто слишкомъ много позволялъ своему Генералу, мучало меня. Обдумавъ хорошенько, выходить напротивъ, что я слишкомъ много себѣ позволялъ съ нимъ. — Чтобы естественно быть гордымъ (fier) надо или быть дуракомъ (чѣмъ я не могу быть), или быть довольнымъ собою, за чѣмъ я не былъ со времени своего пріѣзда въ армію. За нынѣшній [день] 2 упрека я могу и долженъ себѣ сдѣлать: 1) непростительная цѣлый день лѣнь и слѣдствіе ея — праздность и 2) просьба къ (Олхину о фортепьяно, на что у меня нѣтъ достаточно денегъ.) (1)	1854-07-06 06:57:05+06:57:05	2	1
5	Съ утра сѣлъ за работу; но ничего не сдѣлалъ и радъ былъ, когда мнѣ пришолъ помѣшать Горчаковъ. Послѣ обѣда у Генер[ала] читалъ Беран[же], ѣздилъ къ Доктору, который объявилъ мнѣ, что мнѣ должно дѣлать операцію и лечиться мѣсяца полтора и болталъ до ночи съ Шубинымъ о нашемъ русскомъ рабствѣ. Правда, что рабство есть зло, но зло чрезвычайно милое. __________	1854-06-24 06:57:05+06:57:05	2	1
24	Съ 10 часовъ до 2 писалъ пристально и окончилъ описаніе солдатъ; за то дальше идетъ туго. Былъ вечеромъ у меня Д. Горчаковъ, и дружба, которую онъ показалъ мнѣ, произвела это славное замираніе сердца, которое производитъ во мнѣ истинное чувство и котораго я давно не испытывалъ. Потомъ заѣхалъ Бартоломей, и я вѣрно обидѣлъ его немного тѣмъ, что сказалъ, что у него дурной выговоръ. Пора мнѣ перестать водиться съ молодежью, хотя я никогда и не водился съ ней хорошенько, какъ другіе; но дѣло въ томъ, что теперь мнѣ легче и пріятнѣе быть съ стариками, чѣмъ съ очень молодыми людьми. Здоровье такъ сякъ. Забылъ записать что-то хорошее или важное — не помню. Упрекаю себя нынче только за Бартоломея. ——————	1854-07-16 06:57:05+06:57:05	2	1
9	Читалъ Gilbert и Gilberte. Здоровье все statu quo.\n\n— Зап[иски] Феер[веркера] все болѣе болѣе опредѣляются, нынче, 3-го І[юля], кажется, займусь.	1854-07-02 06:57:05+06:57:05	2	1
22	Утромъ, кромѣ обыкновенная чтенія Гёте и подвертывавшихся книжонокъ, написалъ Жданова, но насчетъ личности Велинчука все еще не рѣшился. — Нынче опять рѣзали мнѣ пахъ и опять я принималъ клороформъ. Впечатлѣніе было ужъ не такъ непріятно, но такъ странно — я слышалъ звонъ инструментовъ, но не слыхалъ боли. Вечеръ сидѣли у меня Новережскій, Шубинъ и Антроповъ. Получилъ письмо отъ старосты: Цвѣтковъ Терентій и 2 дворовые пойдутъ въ рекр[уты], выборъ хорошъ. Старый Башибузукъ непремѣнно хочетъ, прежде чѣмъ пустить въ ходъ мой переводъ, извѣстить о томъ Князя. Не подумать ли мнѣ о этомъ переводѣ? Можетъ быть я не переработаю свой характеръ, a сдѣлаю только одну и важную глупость изъ желанія переработать его. Есть-ли нерѣшительность капитальной недостатокъ — такой, отъ котораго нужно исправляться? Не есть ли два рода характеровъ одинаково достойные: одни рѣшительные, другіе обдуманные? Не принадлежу [ли] я къ послѣднимъ? И желаніе мое исправиться не есть ли желаніе быть тѣмъ, чѣмъ я не есмь, какъ говоритъ A[lphonse] Karr. Мнѣ кажется, что это правда. Есть недостатки болѣе положительныя (абсолютныя), какъ то лѣнь, ложь, раздражительность, эгоизмъ, которыя всегда недостатки. —————	1854-07-14 06:57:05+06:57:05	2	1
25	Обѣдъ мой не удался: ни Горчаковъ, ни Докторъ не могли быть. Одинъ Бартоломей ѣлъ моего поросенка и восхищался Шиллеромъ. — До обѣда читалъ, послѣ обѣда читалъ и — странная вещь — заснулъ до 8 часовъ, такъ что цѣлый день ничего не сдѣлалъ. — Новережскій привезъ мнѣ 45 р., изъ кот[орыхъ] я намѣренъ дать 40 доктору, а на остальные, призанявши еще у Горчакова, ѣхать въ Бузео и тамъ ожидать Штаба и выздоровленія. — Много нынче заслужилъ я упрековъ. 1) За глупую фантазію и, главное, — неисполненную фантазію покупать лошадь у Николаева, и 2) за цѣлый день безъ дѣла. (2)	1854-07-18 06:57:05+06:57:05	2	1
12	Читалъ во время чаю, обѣда и десерта, утро же все писалъ одно письмо тетинькѣ, которое пошлю, несмотря на то, что французскій слогъ его мнѣ очень не нравится. — Миѣ со дня на день становится труднѣе объясняться и писать по французски, надо же эту глупую манеру писать и говорить на языкѣ, который плохо знаешь! — А сколько хлопотъ, потеряннаго времени, неясности въ мысляхъ и нечистоты въ природномъ языкѣ изъ за этой манеры, а необходимо!\n\nВечеромъ написалъ съ главу Зап[исокъ] Феерв[еркера] съ увлеченіемъ и порядочно. Олхинъ 2 раза былъ у меня, чего мнѣ совершенно ненужно записывать, потому что чудесныя выраженія глупости, которыя вырывались у него, я не запомню оттого, что запишу ихъ. — Поѣлъ фруктовъ, несмотря на поносъ, и поручилъ Олхину нанять фортепьяно, вотъ двѣ ошибки противъ основательности. Главный мой недостатокъ состоитъ въ недостаткѣ терпимости къ себѣ и другимъ. Это не правило, а мысль, которую почему не записать сюда. Она напомнить черезъ нѣсколько времени то моральное состоите, въ которомъ я находился 5-го Іюля 1854 года. (2)	1854-07-05 06:57:05+06:57:05	2	1
29	Нынче съ утра ходилъ объясняться и являться къ начальству. Вышло, что Крыжановскій сказалъ, чтобы я ѣхалъ въ батарею. Тишкевичъ насплетничалъ мнѣ это, и я шелъ къ Крыж[ановскому] съ дрожащими губами. Но несмотря на всю злобу, я былъ слабъ и позволилъ замаслить это дѣло. Остальное время дня читалъ хорошенькую повѣсть Бернара и написалъ письмо Валерьяну. Меньше, чѣмъ когда, я съ дня своего выздоровленія чувствую себя способнымъ къ общежитію и равнодушно-веселому взгляду на жизнь. Подалъ другой рапортъ о переводѣ.\n\nУпрекаю себя за лѣнь. Въ цѣлый день ровно ничего не сдѣлалъ. ————— (1)	1854-07-23 06:57:05+06:57:05	2	1
8	Написалъ письмо Валерьяну и Оголину. Здоровье ни лучше, ни хуже, живу одинъ, читаю, но за работы не принимаюсь, хотя Зап[иски] Феер[веркера] сильно искушаютъ меня. ________	1854-07-01 06:57:05+06:57:05	2	1
31	Рано выступили изъ Курешти и всю дорогу я ужасно мучался, какъ физически — лицо у меня страшно горѣло и выметало, — такъ и морально. Такъ называемые аристократы возбуждаютъ во мнѣ зависть. Я неисправимо мелоченъ и завистливъ.\n\nПослѣ обѣда я зашелъ къ старику и засталъ у него кампанію Адъют[антовъ] Фельдм[аршала], въ которой мнѣ было невыносимо тяжело. Потомъ Салтыковъ, когда я 3-й разъ вспоминалъ, гдѣ мы съ нимъ видѣлись, сказалъ мнѣ, что «это было тогда, когда мы съ вами дни проводили вмѣстѣ». Это никогда не было. И это было для меня во время безсонной ночи, которую я проводилъ нынче, однимъ изъ тѣхъ воспоминаній, при кот[орыхъ] вскрикиваешь. Вечеромъ съ Ферзеномъ я зашелъ къ нимъ и, не говоря уже про Сухтелена, котораго я долженъ былъ заставить поклониться мнѣ, веселый Корсаковъ, который славно поетъ цыганскія пѣсни, навелъ на меня ужасную тоску и зависть. Въ заключеніи всего, я даже съ Тышкевичемъ такъ жолчно заспорилъ о какой-то глупости, что оскорбилъ его. Какой это ничтожный человѣкъ! подумали бы тѣ, кот[орые] прочли бы эту страницу. — «Несчастный, испорченный нравъ!!» И неужели нельзя поправить его? Найдти зло, говорятъ, уже есть половина дороги къ исправленію. Сколько времени и искренно я бьюсь изъ за этаго и все тщетно. Быть всегда довольнымъ, скромнымъ и трудолюбивымъ, вотъ чудныя правила! Коли бы я могъ слѣдовать имъ! Пора бы отчаяться въ исправленіи, а я все надѣюсь, все стараюсь.\n\nУпрекаю себя 1) за лѣнь, 2) за двоякую нескромность, совершенно противуположную съ Адъ[ютантами] Ф[ельдмаршала] и съ Тышкевичемъ.	1854-07-25 06:57:05+06:57:05	2	1
11	Главные мои недостатки. 1) Неосновательность (подъ этимъ я разумѣю: нерѣшительность, непостоянство и непослѣдовательность. 2) Непріятный тяжелый характеръ, раздражительность, излишнее самолюбіе, тщеславіе. 3) Привычка къ праздности. — Буду стараться постоянно наблюдать за этими 3 основными пороками и записывать всякій разъ, что буду впадать въ нихъ. — Уже нынче я спорилъ съ Антропов[ымъ] о томъ, должно ли или нѣтъ ему ѣхать въ Журжу, съ раздраж[ительностью] и излишнимъ самолюбіемъ. —\n\nЯ обѣдалъ дома довольно спокойно, хорошо и дешево. Бартоломей обѣщалъ было читать со мной Pictures from Italy, но бѣдняжка нашелъ, что это слышкомъ скучно, и поэтому мы сочли за лучшее болтать съ нимъ до поздняго вечера. — Онъ, кажется, добрый и съ хорошимъ направленіемъ мальчикъ; но молодъ.....\n\nЗдоровье мое какъ будто лучше, но боюсь еще вѣрить. — Былъ неосноват[еленъ] съ Новережскимъ, не кончивъ дѣла о рапортѣ; раздражителенъ съ Антроповымъ и — увы — опять лѣнился, ничего не сдѣлалъ, кромѣ этой страницы дневника. Получилъ письмо отъ тетки и Митиньки, на которое завтра надо будетъ отвѣтить. (3)	1854-07-04 06:57:05+06:57:05	2	1
23	Рано нынче разбудилъ меня Докторъ, и благодаря этому случаю, я написалъ въ утро довольно много — все передѣлывалъ старое — описаніе солдатъ. — Вечеромъ тоже пописалъ немного и читалъ Verschwörung von Viesko. Я начинаю понимать драму вообще. Хотя въ этомъ я иду совершенно противуположнымъ путемъ большинству, я доволенъ этимъ какъ средствомъ, дающимъ мнѣ новое поэтическое наслажденіе. Послѣ чая зашелъ ко мнѣ Шубинъ, Тишкевичъ и Вержбицкій, который много интереснаго мнѣ прекрасно разсказывалъ про дѣло подъ Слободзеей. Я очень недоволенъ собой, первое за то, что срывалъ цѣлый день прыщи, которыми у меня покрыто лицо и тѣло и носъ, что начинаетъ мучить меня, и второе, за глупое бѣшенство, которое вдругъ напало на меня за обѣдомъ на Алешку. (2) ————————————————	1854-07-15 06:57:05+06:57:05	2	1
19	Утромъ Олхинъ пришелъ мнѣ объявить, что онъ ѣдетъ въ Леово, и хотѣлъ поручить своихъ лошадей и вещи, отъ чего я невольно отдѣлался, сказавъ ему, что у меня нѣтъ денегъ. — Въ самомъ дѣлѣ я опять въ самомъ затруднительномъ денежномъ положеніи: ни копейки, по крайней мѣрѣ до половины Августа, не предвидится ни откуда, исключая фуражныхъ, и долженъ Доктору. Не предвидится, я говорю, потому что нынче получилъ Современникъ и убѣжденъ, что рукописи мои сидятъ гдѣ нибудь въ таможнѣ. Это дѣло я разъясню, какъ выздоровлю. Вечеромъ я имѣлъ случай испытать воображаемость своего перерожденія къ веселой жизни. Хозяйская прехорошенькая замужняя дочь, которая безъ памяти глупо кокетничала со мной, подѣйствовала на меня — какъ я ни принуждалъ себя — какъ и в старину, т. е. я страдалъ ужасно отъ стыдливости.\n\nНынче въ разговорѣ съ Докторомъ изчезъ глупый — и несправедливый взглядъ, который я имѣлъ на Валаховъ — взглядъ, общій всей арміи и заимствованный мной отъ дураковъ, съ которыми я до сихъ поръ водился. — Судьба этаго народа мила и печальна. Читалъ я нынче и Гёте и Лермантова драму, въ которой нашелъ много новаго, хорошаго, и Холодный домъ Дикенса. Вотъ ужъ 2-й день, что я покушаюсь сочинять стихи. Посмотримъ, что изъ этаго выйдетъ. —\n\nУпрекнуть долженъ себя нынче только за лѣнь, хотя писалъ и обдумалъ впередъ много хорошаго, но слишкомъ мало и лѣниво. (1)	1854-07-11 06:57:05+06:57:05	2	1
10	Цѣлый день читалъ, работа никакъ не хочетъ идти. Вечеромъ болталъ съ Пруш[инскимъ?], Олх[инымъ] и Антроп[овымъ]. Проигралъ глупо Пруш[инскому] porte-feuille Полинькинъ и несмотря на его отговорки от далъ ему. Невольно, какъ только я остаюсь одинъ и обдумываю самаго себя, я возвращаюсь къ прежней мысли — мысли объ усовершенствованіи; но главная моя ошибка — причина, по которой я не могъ спокойно идти по этой дорогѣ — та, что я усовершенствованіе смѣшивалъ съ совершенствомъ. Надо прежде понять хорошенько себя и свои недостатки и стараться исправлять ихъ, а не давать себѣ задачей — совершенство, котораго не только невозможно достигнуть съ той низкой точки, на которой я стою, но при пониманіи котораго пропадаетъ надежда на возможность достиженія. Тоже, что было со мной въ хозяйствѣ, въученьи, въ литературѣ, въ жизни. — Въ хозяйствѣ я хотѣлъ достигнуть совершенства и забывалъ, что прежде нужно было исправить несовершенства, которыхъ слишкомъ много, хотѣлъ правильнаго раздѣленія полей, когда мнѣ нечѣмъ было ихъ удабривать и сѣять. —\n\nНужно взять себя такимъ, какимъ есть, и исправимые недостатки стараться исправить, хорошая же натура поведетъ меня къ добру безъ книжки, которая столько времени была моимъ кошмаромъ. — Я одинъ изъ тѣхъ характеровъ, которые, желая, отъискивая и готовые на все прекрасное, неспособны именно по этому къ постоянно-хорошему.	1854-07-03 06:57:05+06:57:05	2	1
2	Начинаю новую тетрадь дневника, послѣ почти мѣсячнаго промежутка, во время котораго я такъ много переиспыталъ, перечувствовалъ, что мнѣ не было времени думать и еще меньше записывать. — Съ Кавказа я пріѣхалъ въ Тулу, видѣлъ тетокъ, сестру, Валерьяна и узналъ о своемъ производствѣ. Всѣ 3 брата и Перфильевы пріѣхали ко мнѣ и увезли меня въ Москву. Изъ Москвы я проѣхалъ въ Покровское, тамъ простился съ т[етушкой] П[елагеей] И[льиничной], В[алерьяномъ], съ Машей и Сережей. Эти 2 прощанья — особенно послѣднее — были одни изъ счастливѣйшихъ минутъ въ моей жизни. Оттуда поѣхалъ къ Митинькѣ, который почти по моему совѣту бросилъ Москву, — и черезъ Полтаву, Кишиневъ и т. д. 3-го дня пріѣхалъ въ Букарестъ. Я былъ счастливъ все это время!\n\nСлужебное положеніе мое здѣсь неопредѣленно и я уже съ недѣлю снова сомнительно болѣнъ. — Неужели снова начнется для меня пора испытаній?!\n\nВпрочемъ я самъ виноватъ, счастіе избаловало меня: я опустился и во многомъ имѣю упрекнуть себя со дня выѣзда моего изъ Курска и до сей минуты. — Грустно убѣдиться, что я не умѣлъ переносить счастія также, какъ и не умѣлъ переносить несчастія. Нынче пойду къ командиру Дивизіи въ корпусной Штабъ, сдѣлаю кой какія покупки, погуляю, и прійду домой писать письма и обѣдать. Послѣ обѣда займусь чѣмъ нибудь и передъ вечеромъ поѣду въ баню. Вечеръ просижу дома и займусь Отрочествомъ.	1854-03-14 06:57:05+06:57:05	2	1
30	[Курешти?] Утромъ Новережскій съ подтянутой мордой принесъ мнѣ назадъ мой рапортъ съ надписью Крыжановскаго. Всѣ эти мѣлкія непріятности такъ меня разстроили, что я рѣшительно цѣлый день былъ самъ не свой, лѣнивъ, апатиченъ, не въ состояніи ни за что приняться, съ людьми молчаливъ, стыдливъ до поту. Я это испыталъ у Бабарыкина, сначала съ Зыбинымъ, Фриде и Балюзекъ, а вечеромъ съ Крыжановскимъ и Сталыпинымъ. Я слишкомъ честенъ для отношеній съ этими людьми. — Странно, что только теперь я замѣтилъ одинъ изъ своихъ важныхъ недостатковъ: оскорбительную и возбуждающую въ другихъ зависть — наклонность выставлять всѣ свои преимущества. Чтобы внушить любовь къ себѣ, напротивъ, нужно скрывать все то, чѣмъ выходишь изъ общаго разряда. Поздно я понялъ это. Не буду подавать рапорта, пока не буду въ состоянии завести лошадей, и употреблю всѣ средства для этаго. Пока не буду ни съ кѣмъ имѣть другихъ отношеній, какъ по службѣ. — Упрекаю себя за лѣнь. ——— (1)	1854-07-24 06:57:05+06:57:05	2	1
38	Мой второй пост!	2023-01-09 20:55:27.080143+08	1	2
39	Данный пост был создан в shell!	2023-01-10 19:57:53.193812+08	1	2
40	Данный пост был обновлён в shell!	2023-01-10 19:59:18.832269+08	1	2
46	Данный пост был создан посредством данного ресурса!	2023-03-05 16:44:16.401693+08	1	2
47	Данный пост был создан посредством данного ресурса!	2023-03-05 16:51:29.384119+08	1	2
48	Данный пост был создан без группы!	2023-03-05 16:52:36.498682+08	1	\N
49	При создании этого поста будет произведён редирект на страницу автора поста!	2023-03-05 17:12:30.560075+08	1	1
50	Я люблю мануальное тестирование!	2023-03-14 21:59:31.069034+08	1	\N
51	Скорее бы писать автотесты!	2023-03-14 22:00:02.653558+08	1	2
52	Тестовый пост хуй знает какой по счёту	2023-05-20 16:20:47.722274+08	1	4
54	Тест Class Based View	2023-05-20 16:38:59.679498+08	1	1
\.


--
-- Name: auth_group_id_seq; Type: SEQUENCE SET; Schema: public; Owner: admin
--

SELECT pg_catalog.setval('public.auth_group_id_seq', 1, false);


--
-- Name: auth_group_permissions_id_seq; Type: SEQUENCE SET; Schema: public; Owner: admin
--

SELECT pg_catalog.setval('public.auth_group_permissions_id_seq', 1, false);


--
-- Name: auth_permission_id_seq; Type: SEQUENCE SET; Schema: public; Owner: admin
--

SELECT pg_catalog.setval('public.auth_permission_id_seq', 32, true);


--
-- Name: auth_user_groups_id_seq; Type: SEQUENCE SET; Schema: public; Owner: admin
--

SELECT pg_catalog.setval('public.auth_user_groups_id_seq', 1, false);


--
-- Name: auth_user_id_seq; Type: SEQUENCE SET; Schema: public; Owner: admin
--

SELECT pg_catalog.setval('public.auth_user_id_seq', 9, true);


--
-- Name: auth_user_user_permissions_id_seq; Type: SEQUENCE SET; Schema: public; Owner: admin
--

SELECT pg_catalog.setval('public.auth_user_user_permissions_id_seq', 1, false);


--
-- Name: django_admin_log_id_seq; Type: SEQUENCE SET; Schema: public; Owner: admin
--

SELECT pg_catalog.setval('public.django_admin_log_id_seq', 31, true);


--
-- Name: django_content_type_id_seq; Type: SEQUENCE SET; Schema: public; Owner: admin
--

SELECT pg_catalog.setval('public.django_content_type_id_seq', 8, true);


--
-- Name: django_migrations_id_seq; Type: SEQUENCE SET; Schema: public; Owner: admin
--

SELECT pg_catalog.setval('public.django_migrations_id_seq', 21, true);


--
-- Name: posts_group_id_seq; Type: SEQUENCE SET; Schema: public; Owner: admin
--

SELECT pg_catalog.setval('public.posts_group_id_seq', 8, true);


--
-- Name: posts_post_id_seq; Type: SEQUENCE SET; Schema: public; Owner: admin
--

SELECT pg_catalog.setval('public.posts_post_id_seq', 56, true);


--
-- Name: auth_group auth_group_name_key; Type: CONSTRAINT; Schema: public; Owner: admin
--

ALTER TABLE ONLY public.auth_group
    ADD CONSTRAINT auth_group_name_key UNIQUE (name);


--
-- Name: auth_group_permissions auth_group_permissions_group_id_permission_id_0cd325b0_uniq; Type: CONSTRAINT; Schema: public; Owner: admin
--

ALTER TABLE ONLY public.auth_group_permissions
    ADD CONSTRAINT auth_group_permissions_group_id_permission_id_0cd325b0_uniq UNIQUE (group_id, permission_id);


--
-- Name: auth_group_permissions auth_group_permissions_pkey; Type: CONSTRAINT; Schema: public; Owner: admin
--

ALTER TABLE ONLY public.auth_group_permissions
    ADD CONSTRAINT auth_group_permissions_pkey PRIMARY KEY (id);


--
-- Name: auth_group auth_group_pkey; Type: CONSTRAINT; Schema: public; Owner: admin
--

ALTER TABLE ONLY public.auth_group
    ADD CONSTRAINT auth_group_pkey PRIMARY KEY (id);


--
-- Name: auth_permission auth_permission_content_type_id_codename_01ab375a_uniq; Type: CONSTRAINT; Schema: public; Owner: admin
--

ALTER TABLE ONLY public.auth_permission
    ADD CONSTRAINT auth_permission_content_type_id_codename_01ab375a_uniq UNIQUE (content_type_id, codename);


--
-- Name: auth_permission auth_permission_pkey; Type: CONSTRAINT; Schema: public; Owner: admin
--

ALTER TABLE ONLY public.auth_permission
    ADD CONSTRAINT auth_permission_pkey PRIMARY KEY (id);


--
-- Name: auth_user_groups auth_user_groups_pkey; Type: CONSTRAINT; Schema: public; Owner: admin
--

ALTER TABLE ONLY public.auth_user_groups
    ADD CONSTRAINT auth_user_groups_pkey PRIMARY KEY (id);


--
-- Name: auth_user_groups auth_user_groups_user_id_group_id_94350c0c_uniq; Type: CONSTRAINT; Schema: public; Owner: admin
--

ALTER TABLE ONLY public.auth_user_groups
    ADD CONSTRAINT auth_user_groups_user_id_group_id_94350c0c_uniq UNIQUE (user_id, group_id);


--
-- Name: auth_user auth_user_pkey; Type: CONSTRAINT; Schema: public; Owner: admin
--

ALTER TABLE ONLY public.auth_user
    ADD CONSTRAINT auth_user_pkey PRIMARY KEY (id);


--
-- Name: auth_user_user_permissions auth_user_user_permissions_pkey; Type: CONSTRAINT; Schema: public; Owner: admin
--

ALTER TABLE ONLY public.auth_user_user_permissions
    ADD CONSTRAINT auth_user_user_permissions_pkey PRIMARY KEY (id);


--
-- Name: auth_user_user_permissions auth_user_user_permissions_user_id_permission_id_14a6b632_uniq; Type: CONSTRAINT; Schema: public; Owner: admin
--

ALTER TABLE ONLY public.auth_user_user_permissions
    ADD CONSTRAINT auth_user_user_permissions_user_id_permission_id_14a6b632_uniq UNIQUE (user_id, permission_id);


--
-- Name: auth_user auth_user_username_key; Type: CONSTRAINT; Schema: public; Owner: admin
--

ALTER TABLE ONLY public.auth_user
    ADD CONSTRAINT auth_user_username_key UNIQUE (username);


--
-- Name: django_admin_log django_admin_log_pkey; Type: CONSTRAINT; Schema: public; Owner: admin
--

ALTER TABLE ONLY public.django_admin_log
    ADD CONSTRAINT django_admin_log_pkey PRIMARY KEY (id);


--
-- Name: django_content_type django_content_type_app_label_model_76bd3d3b_uniq; Type: CONSTRAINT; Schema: public; Owner: admin
--

ALTER TABLE ONLY public.django_content_type
    ADD CONSTRAINT django_content_type_app_label_model_76bd3d3b_uniq UNIQUE (app_label, model);


--
-- Name: django_content_type django_content_type_pkey; Type: CONSTRAINT; Schema: public; Owner: admin
--

ALTER TABLE ONLY public.django_content_type
    ADD CONSTRAINT django_content_type_pkey PRIMARY KEY (id);


--
-- Name: django_migrations django_migrations_pkey; Type: CONSTRAINT; Schema: public; Owner: admin
--

ALTER TABLE ONLY public.django_migrations
    ADD CONSTRAINT django_migrations_pkey PRIMARY KEY (id);


--
-- Name: django_session django_session_pkey; Type: CONSTRAINT; Schema: public; Owner: admin
--

ALTER TABLE ONLY public.django_session
    ADD CONSTRAINT django_session_pkey PRIMARY KEY (session_key);


--
-- Name: posts_group posts_group_pkey; Type: CONSTRAINT; Schema: public; Owner: admin
--

ALTER TABLE ONLY public.posts_group
    ADD CONSTRAINT posts_group_pkey PRIMARY KEY (id);


--
-- Name: posts_group posts_group_slug_key; Type: CONSTRAINT; Schema: public; Owner: admin
--

ALTER TABLE ONLY public.posts_group
    ADD CONSTRAINT posts_group_slug_key UNIQUE (slug);


--
-- Name: posts_post posts_post_pkey; Type: CONSTRAINT; Schema: public; Owner: admin
--

ALTER TABLE ONLY public.posts_post
    ADD CONSTRAINT posts_post_pkey PRIMARY KEY (id);


--
-- Name: auth_group_name_a6ea08ec_like; Type: INDEX; Schema: public; Owner: admin
--

CREATE INDEX auth_group_name_a6ea08ec_like ON public.auth_group USING btree (name varchar_pattern_ops);


--
-- Name: auth_group_permissions_group_id_b120cbf9; Type: INDEX; Schema: public; Owner: admin
--

CREATE INDEX auth_group_permissions_group_id_b120cbf9 ON public.auth_group_permissions USING btree (group_id);


--
-- Name: auth_group_permissions_permission_id_84c5c92e; Type: INDEX; Schema: public; Owner: admin
--

CREATE INDEX auth_group_permissions_permission_id_84c5c92e ON public.auth_group_permissions USING btree (permission_id);


--
-- Name: auth_permission_content_type_id_2f476e4b; Type: INDEX; Schema: public; Owner: admin
--

CREATE INDEX auth_permission_content_type_id_2f476e4b ON public.auth_permission USING btree (content_type_id);


--
-- Name: auth_user_groups_group_id_97559544; Type: INDEX; Schema: public; Owner: admin
--

CREATE INDEX auth_user_groups_group_id_97559544 ON public.auth_user_groups USING btree (group_id);


--
-- Name: auth_user_groups_user_id_6a12ed8b; Type: INDEX; Schema: public; Owner: admin
--

CREATE INDEX auth_user_groups_user_id_6a12ed8b ON public.auth_user_groups USING btree (user_id);


--
-- Name: auth_user_user_permissions_permission_id_1fbb5f2c; Type: INDEX; Schema: public; Owner: admin
--

CREATE INDEX auth_user_user_permissions_permission_id_1fbb5f2c ON public.auth_user_user_permissions USING btree (permission_id);


--
-- Name: auth_user_user_permissions_user_id_a95ead1b; Type: INDEX; Schema: public; Owner: admin
--

CREATE INDEX auth_user_user_permissions_user_id_a95ead1b ON public.auth_user_user_permissions USING btree (user_id);


--
-- Name: auth_user_username_6821ab7c_like; Type: INDEX; Schema: public; Owner: admin
--

CREATE INDEX auth_user_username_6821ab7c_like ON public.auth_user USING btree (username varchar_pattern_ops);


--
-- Name: django_admin_log_content_type_id_c4bce8eb; Type: INDEX; Schema: public; Owner: admin
--

CREATE INDEX django_admin_log_content_type_id_c4bce8eb ON public.django_admin_log USING btree (content_type_id);


--
-- Name: django_admin_log_user_id_c564eba6; Type: INDEX; Schema: public; Owner: admin
--

CREATE INDEX django_admin_log_user_id_c564eba6 ON public.django_admin_log USING btree (user_id);


--
-- Name: django_session_expire_date_a5c62663; Type: INDEX; Schema: public; Owner: admin
--

CREATE INDEX django_session_expire_date_a5c62663 ON public.django_session USING btree (expire_date);


--
-- Name: django_session_session_key_c0390e0f_like; Type: INDEX; Schema: public; Owner: admin
--

CREATE INDEX django_session_session_key_c0390e0f_like ON public.django_session USING btree (session_key varchar_pattern_ops);


--
-- Name: posts_group_slug_838831b4_like; Type: INDEX; Schema: public; Owner: admin
--

CREATE INDEX posts_group_slug_838831b4_like ON public.posts_group USING btree (slug varchar_pattern_ops);


--
-- Name: posts_post_author_id_fe5487bf; Type: INDEX; Schema: public; Owner: admin
--

CREATE INDEX posts_post_author_id_fe5487bf ON public.posts_post USING btree (author_id);


--
-- Name: posts_post_group_id_c91a8485; Type: INDEX; Schema: public; Owner: admin
--

CREATE INDEX posts_post_group_id_c91a8485 ON public.posts_post USING btree (group_id);


--
-- Name: auth_group_permissions auth_group_permissio_permission_id_84c5c92e_fk_auth_perm; Type: FK CONSTRAINT; Schema: public; Owner: admin
--

ALTER TABLE ONLY public.auth_group_permissions
    ADD CONSTRAINT auth_group_permissio_permission_id_84c5c92e_fk_auth_perm FOREIGN KEY (permission_id) REFERENCES public.auth_permission(id) DEFERRABLE INITIALLY DEFERRED;


--
-- Name: auth_group_permissions auth_group_permissions_group_id_b120cbf9_fk_auth_group_id; Type: FK CONSTRAINT; Schema: public; Owner: admin
--

ALTER TABLE ONLY public.auth_group_permissions
    ADD CONSTRAINT auth_group_permissions_group_id_b120cbf9_fk_auth_group_id FOREIGN KEY (group_id) REFERENCES public.auth_group(id) DEFERRABLE INITIALLY DEFERRED;


--
-- Name: auth_permission auth_permission_content_type_id_2f476e4b_fk_django_co; Type: FK CONSTRAINT; Schema: public; Owner: admin
--

ALTER TABLE ONLY public.auth_permission
    ADD CONSTRAINT auth_permission_content_type_id_2f476e4b_fk_django_co FOREIGN KEY (content_type_id) REFERENCES public.django_content_type(id) DEFERRABLE INITIALLY DEFERRED;


--
-- Name: auth_user_groups auth_user_groups_group_id_97559544_fk_auth_group_id; Type: FK CONSTRAINT; Schema: public; Owner: admin
--

ALTER TABLE ONLY public.auth_user_groups
    ADD CONSTRAINT auth_user_groups_group_id_97559544_fk_auth_group_id FOREIGN KEY (group_id) REFERENCES public.auth_group(id) DEFERRABLE INITIALLY DEFERRED;


--
-- Name: auth_user_groups auth_user_groups_user_id_6a12ed8b_fk_auth_user_id; Type: FK CONSTRAINT; Schema: public; Owner: admin
--

ALTER TABLE ONLY public.auth_user_groups
    ADD CONSTRAINT auth_user_groups_user_id_6a12ed8b_fk_auth_user_id FOREIGN KEY (user_id) REFERENCES public.auth_user(id) DEFERRABLE INITIALLY DEFERRED;


--
-- Name: auth_user_user_permissions auth_user_user_permi_permission_id_1fbb5f2c_fk_auth_perm; Type: FK CONSTRAINT; Schema: public; Owner: admin
--

ALTER TABLE ONLY public.auth_user_user_permissions
    ADD CONSTRAINT auth_user_user_permi_permission_id_1fbb5f2c_fk_auth_perm FOREIGN KEY (permission_id) REFERENCES public.auth_permission(id) DEFERRABLE INITIALLY DEFERRED;


--
-- Name: auth_user_user_permissions auth_user_user_permissions_user_id_a95ead1b_fk_auth_user_id; Type: FK CONSTRAINT; Schema: public; Owner: admin
--

ALTER TABLE ONLY public.auth_user_user_permissions
    ADD CONSTRAINT auth_user_user_permissions_user_id_a95ead1b_fk_auth_user_id FOREIGN KEY (user_id) REFERENCES public.auth_user(id) DEFERRABLE INITIALLY DEFERRED;


--
-- Name: django_admin_log django_admin_log_content_type_id_c4bce8eb_fk_django_co; Type: FK CONSTRAINT; Schema: public; Owner: admin
--

ALTER TABLE ONLY public.django_admin_log
    ADD CONSTRAINT django_admin_log_content_type_id_c4bce8eb_fk_django_co FOREIGN KEY (content_type_id) REFERENCES public.django_content_type(id) DEFERRABLE INITIALLY DEFERRED;


--
-- Name: django_admin_log django_admin_log_user_id_c564eba6_fk_auth_user_id; Type: FK CONSTRAINT; Schema: public; Owner: admin
--

ALTER TABLE ONLY public.django_admin_log
    ADD CONSTRAINT django_admin_log_user_id_c564eba6_fk_auth_user_id FOREIGN KEY (user_id) REFERENCES public.auth_user(id) DEFERRABLE INITIALLY DEFERRED;


--
-- Name: posts_post posts_post_author_id_fe5487bf_fk_auth_user_id; Type: FK CONSTRAINT; Schema: public; Owner: admin
--

ALTER TABLE ONLY public.posts_post
    ADD CONSTRAINT posts_post_author_id_fe5487bf_fk_auth_user_id FOREIGN KEY (author_id) REFERENCES public.auth_user(id) DEFERRABLE INITIALLY DEFERRED;


--
-- Name: posts_post posts_post_group_id_c91a8485_fk_posts_group_id; Type: FK CONSTRAINT; Schema: public; Owner: admin
--

ALTER TABLE ONLY public.posts_post
    ADD CONSTRAINT posts_post_group_id_c91a8485_fk_posts_group_id FOREIGN KEY (group_id) REFERENCES public.posts_group(id) DEFERRABLE INITIALLY DEFERRED;


--
-- PostgreSQL database dump complete
--

